ddqssqqj;INACTIVE
ddqssqxt;INACTIVE
ddrlxrjl;INACTIVE
ddrotxxd;INACTIVE
ddsjjqjl;INACTIVE
ddstdjqt;INACTIVE
djrzrlod;INACTIVE
dlqxqstz;INACTIVE
dlxqdrtl;INACTIVE
dodjlrdl;INACTIVE
dqotjqjl;INACTIVE
dqotrsjs;INACTIVE
dqotxrxx;INACTIVE
drqrjo;INACTIVE
drrzxsox;INACTIVE
dsdjodjq;INACTIVE
dstjsddr;INACTIVE
dstldolx;INACTIVE
dszoldr;INACTIVE
dszrodxj;INACTIVE
dtdqdzjj;INACTIVE
dtltolr;INACTIVE
dtqxrq;INACTIVE
dxqstzq;INACTIVE
dxrsssot;INACTIVE
dzlxjtqs;INACTIVE
dzozqojo;INACTIVE
dzqqzrsj;INACTIVE
dzrtjdt;INACTIVE
dzxolrsl;INACTIVE
dzzjzdts;INACTIVE
ldsxots;INACTIVE
ldzqxolx;INACTIVE
ljlzjsqt;INACTIVE
loldxlrt;INACTIVE
lqrztjlx;INACTIVE
lrqrjoj;INACTIVE
lxsxtso;INACTIVE
lxsztrxq;INACTIVE
lzrtzdt;INACTIVE
odxtoqd;INACTIVE
orzjjt;INACTIVE
osqtjzqq;INACTIVE
otqsxjox;INACTIVE
otstlot;INACTIVE
otzljdq;INACTIVE
qjosjrlz;INACTIVE
qjqsojql;INACTIVE
qjrlzlsd;INACTIVE
qjstzlxd;INACTIVE
qjtrtdtx;INACTIVE
qjxddqso;INACTIVE
qjxjrxlr;INACTIVE
qjzlzsdz;INACTIVE
qqddrdlr;INACTIVE
qqjstzjl;INACTIVE
qqlztjzl;INACTIVE
qqsljzxr;INACTIVE
qqxrqd;INACTIVE
qszjsst;INACTIVE
qtoqdssj;INACTIVE
qtotrdjq;INACTIVE
qtqrdzsl;INACTIVE
qtrdrots;INACTIVE
qtsloorq;INACTIVE
qtsxxrjl;INACTIVE
qttxotto;INACTIVE
qtxlqx;INACTIVE
qtzdrrsq;INACTIVE
qtzoozsj;INACTIVE
qtzrool;INACTIVE
qxqllto;INACTIVE
qxtdtzj;INACTIVE
qxtrotz;INACTIVE
qzqorodo;INACTIVE
qzqorxxz;INACTIVE
qzxjdorx;INACTIVE
qzxrrtxj;INACTIVE
qzzqqjsd;INACTIVE
rdjdrjjl;INACTIVE
rdooqqxr;INACTIVE
rdooqttq;INACTIVE
rdqljrzr;INACTIVE
rdttzsjd;INACTIVE
rdxrsjrq;INACTIVE
rdzqllzo;INACTIVE
rdzqlxod;INACTIVE
rdzsxlto;INACTIVE
rjozzrt;INACTIVE
rljlxjr;INACTIVE
rllxtorq;INACTIVE
rlooqjtd;INACTIVE
rltjqtzl;INACTIVE
rlzttss;INACTIVE
rojttszo;INACTIVE
rolzzljd;INACTIVE
rorqtrzs;INACTIVE
rozjodl;INACTIVE
rozqxstr;INACTIVE
rqdttjlx;INACTIVE
rqolsql;INACTIVE
rqrrxozx;INACTIVE
rrljszro;INACTIVE
rrojljqo;INACTIVE
rrqrrzrr;INACTIVE
rrrjdlqz;INACTIVE
rrztzodl;INACTIVE
rsdqsttx;INACTIVE
rsorlxsq;INACTIVE
rtdrzqrt;INACTIVE
rtojodjx;INACTIVE
rtortdo;INACTIVE
rtqzxjdt;INACTIVE
rtrqsljz;INACTIVE
rtrqsxsr;INACTIVE
rxddxrq;INACTIVE
rxjtlotj;INACTIVE
rxlrsdxr;INACTIVE
rxstrtzx;INACTIVE
rxtsooxj;INACTIVE
rxzlossd;INACTIVE
rzozlozl;INACTIVE
rzslsxqx;INACTIVE
rzxtlxtl;INACTIVE
sdoxdojj;INACTIVE
sdrttdoj;INACTIVE
sjlzoxxq;INACTIVE
sjottzrd;INACTIVE
sjqdzdtx;INACTIVE
sjqdzorl;INACTIVE
sjrrrtso;INACTIVE
sjrxsxx;INACTIVE
sjxdztzj;INACTIVE
sjxoqqsj;INACTIVE
sjzdqtox;INACTIVE
sjzxtrxl;INACTIVE
sldlzros;INACTIVE
sljxtsdz;INACTIVE
slrdsdz;INACTIVE
slrrttt;INACTIVE
sojltoqx;INACTIVE
sordlddz;INACTIVE
sorrlrlo;INACTIVE
sorroooz;INACTIVE
sosjosjl;INACTIVE
sozsdtl;INACTIVE
sqdrxxjl;INACTIVE
sqlojzld;INACTIVE
sqqjjorj;INACTIVE
sqqjjoxs;INACTIVE
sqqoroxl;INACTIVE
sqzoqrrt;INACTIVE
ssojxso;INACTIVE
ssqxtll;INACTIVE
stdsjoos;INACTIVE
stdsqzzx;INACTIVE
strldljr;INACTIVE
stsjsxrq;INACTIVE
stszsqqx;INACTIVE
sxotoszt;INACTIVE
sxsqorrr;INACTIVE
sxsqtdtt;INACTIVE
sxzjjqtj;INACTIVE
sxzozzzt;INACTIVE
szdrrqxt;INACTIVE
szjsdsdl;INACTIVE
szqtlzlz;INACTIVE
szqzjldr;INACTIVE
szqzjljj;INACTIVE
tdqjdsqs;INACTIVE
tdqqszsj;INACTIVE
tjdjqozod;INACTIVE
tjdjrtstd;INACTIVE
tjdslssld;INACTIVE
tjdsszzqj;INACTIVE
tjdsxzlod;INACTIVE
tjdxxtxjt;INACTIVE
tjdzoljxd;INACTIVE
tjdzxdd;INACTIVE
tjjjqtqzq;INACTIVE
tjjjtodsr;INACTIVE
tjjloqjqx;INACTIVE
tjjsrtoro;INACTIVE
tjjxlzrdt;INACTIVE
tjlozzdqo;INACTIVE
tjlqltrjx;INACTIVE
tjlqotlqt;INACTIVE
tjlsjjxlr;INACTIVE
tjlsjjzlr;INACTIVE
tjlsxltqx;INACTIVE
tjlxstolz;INACTIVE
tjlxxttlj;INACTIVE
tjlzosstl;INACTIVE
tjojdzroq;INACTIVE
tjojtosjo;INACTIVE
tjolrlrqo;INACTIVE
tjooxoljo;INACTIVE
tjorxxzrt;INACTIVE
tjotxqqjq;INACTIVE
tjotzzszd;INACTIVE
tjozlxdrd;INACTIVE
tjqjosq;INACTIVE
tjqqzzqtx;INACTIVE
tjqrlqloq;INACTIVE
tjqstszdl;INACTIVE
tjrlqxxtd;INACTIVE
tjrrooxjr;INACTIVE
tjrzrqodq;INACTIVE
tjsqxrjld;INACTIVE
tjsqzrqst;INACTIVE
tjsrjrlsq;INACTIVE
tjsrlxsjr;INACTIVE
tjsxjsdxs;INACTIVE
tjtsztloz;INACTIVE
tjtsztxtz;INACTIVE
tjxqdordx;INACTIVE
tjxrlsjzl;INACTIVE
tjxstlsds;INACTIVE
tjxszrsdz;INACTIVE
tjxzzslqt;INACTIVE
tjzltrooq;INACTIVE
tjzoljszs;INACTIVE
tjzorosso;INACTIVE
tjzrqorjt;INACTIVE
tjzsdxosd;INACTIVE
tjzsxssqj;INACTIVE
tjztxltsq;INACTIVE
tjzxjsdsl;INACTIVE
tqddqtsjt;INACTIVE
tqdlzsxlx;INACTIVE
tqdqdtltr;INACTIVE
tqdqjdsrx;INACTIVE
tqdrdjdzr;INACTIVE
tqdstqdol;INACTIVE
tqdxzsozl;INACTIVE
tqdzlrjsd;INACTIVE
tqjjrolsq;INACTIVE
tqjtttzqd;INACTIVE
tqjzjxost;INACTIVE
tqjzltoqx;INACTIVE
tqldtrrxd;INACTIVE
tqljtdztl;INACTIVE
tqlldlojo;INACTIVE
tqllrldzq;INACTIVE
tqllrodzx;INACTIVE
tqlqsxlsd;INACTIVE
tqlrtrxdr;INACTIVE
tqlsxzzlq;INACTIVE
tqltzloqz;INACTIVE
tqlxtjzqq;INACTIVE
tqojjxzlz;INACTIVE
tqolsrsrr;INACTIVE
tqoqtxzls;INACTIVE
tqqxtddzj;INACTIVE
tqrjlsrxd;INACTIVE
tqrqdxldq;INACTIVE
tqrqojsdz;INACTIVE
tqrrqstxj;INACTIVE
tqrsdsooj;INACTIVE
tqrzroosd;INACTIVE
tqsdxrtxx;INACTIVE
tqsjloqto;INACTIVE
tqsjxtlzx;INACTIVE
tqsloxqrz;INACTIVE
tqslrdzrd;INACTIVE
tqsrttdqz;INACTIVE
tqssljtlj;INACTIVE
tqssslxol;INACTIVE
tqxorzoro;INACTIVE
tqxzojqzj;INACTIVE
ttddqosoz;INACTIVE
ttdoqjxql;INACTIVE
ttdtxsqrr;INACTIVE
ttdxqdrol;INACTIVE
ttjdxxzzl;INACTIVE
ttjjsdjqq;INACTIVE
ttjltttqo;INACTIVE
ttjltttto;INACTIVE
ttjlzxjds;INACTIVE
ttjqtojqj;INACTIVE
ttjrltjjs;INACTIVE
ttjrxtsrd;INACTIVE
ttjslrsrz;INACTIVE
ttjtzrtlt;INACTIVE
ttljtxlld;INACTIVE
ttlqqrrtj;INACTIVE
ttlsrxrdd;INACTIVE
ttltszqqx;INACTIVE
ttlzjtzjl;INACTIVE
ttlzxzodj;INACTIVE
ttoslxjtj;INACTIVE
ttosxqjdj;INACTIVE
ttqdtqddx;INACTIVE
ttqltosso;INACTIVE
ttqqdxsts;INACTIVE
ttqsdxdsz;INACTIVE
ttqxdzxlo;INACTIVE
ttqxdzxlq;INACTIVE
ttqzlldjq;INACTIVE
ttqzlzqld;INACTIVE
ttqzooxxs;INACTIVE
ttrrdrdox;INACTIVE
ttrrqddrt;INACTIVE
ttrtojtzj;INACTIVE
ttsjszojt;INACTIVE
ttsooxlos;INACTIVE
ttsrtrodo;INACTIVE
tttdqdzzj;INACTIVE
tttdqxxxs;INACTIVE
tttdzrjos;INACTIVE
tttlsdoxd;INACTIVE
tttqoxqjo;INACTIVE
tttrojljj;INACTIVE
tttrszdto;INACTIVE
ttttorrrq;INACTIVE
tttzojszs;INACTIVE
ttxddzxrz;INACTIVE
ttxdjojds;INACTIVE
ttxdszdso;INACTIVE
ttxjrosxz;INACTIVE
ttxqddzod;INACTIVE
ttxtttttr;INACTIVE
ttxxdrtjx;INACTIVE
ttxxjqqrs;INACTIVE
ttzdxqlor;INACTIVE
ttzllsllr;INACTIVE
ttzllxqrq;INACTIVE
ttzoodjrs;INACTIVE
ttzrdslsz;INACTIVE
ttzxxdsos;INACTIVE
txjdqldrr;INACTIVE
txjqdrxsr;INACTIVE
txjxojzlr;INACTIVE
txjxrxzdo;INACTIVE
txosotjdt;INACTIVE
txqxjjtsz;INACTIVE
txtsddrlq;INACTIVE
txxsorolo;INACTIVE
txzjxqjxl;INACTIVE
txzssqqtj;INACTIVE
txzsstqdo;INACTIVE
tzdddsqrz;INACTIVE
tzdjorzxs;INACTIVE
tzdldrslq;INACTIVE
tzdoxqrdj;INACTIVE
tzdrdxotz;INACTIVE
tzdsqqrqz;INACTIVE
tzdtsqojl;INACTIVE
tzdtsqojx;INACTIVE
tzdxoslrt;INACTIVE
tzjdzrsos;INACTIVE
tzjjsqddd;INACTIVE
tzjjzjjzl;INACTIVE
tzjqlrzxd;INACTIVE
tzjqlrzzl;INACTIVE
tzjqxrodd;INACTIVE
tzjxzqxqz;INACTIVE
tzjzqqdzl;INACTIVE
tzldjzqot;INACTIVE
tzldlqozs;INACTIVE
tzldtltqj;INACTIVE
tzljtjotr;INACTIVE
tzlotdzjz;INACTIVE
tzltzjxdl;INACTIVE
tzlztqlql;INACTIVE
tzootsoll;INACTIVE
tzosrdjlx;INACTIVE
tzosxqlxq;INACTIVE
tzotlxtlq;INACTIVE
tzotqrqor;INACTIVE
tzoxzqtlx;INACTIVE
tzqdsqslo;INACTIVE
tzqoojtjd;INACTIVE
tzqsstdtr;INACTIVE
tzqtttqrt;INACTIVE
tzqtxzrlz;INACTIVE
tzqxdlxxx;INACTIVE
tzrjqxtlx;INACTIVE
tzrltdlld;INACTIVE
tzrltrsor;INACTIVE
tzrolsqrd;INACTIVE
tzrqrlzqr;INACTIVE
tzrrdlort;INACTIVE
tzrrxsstz;INACTIVE
tzrsolttz;INACTIVE
tzrtdqlos;INACTIVE
tzrtdrqzo;INACTIVE
tzrtrdrdd;INACTIVE
tzrtrrljs;INACTIVE
tzrxrsldo;INACTIVE
tzrxrsojq;INACTIVE
tzrzolssq;INACTIVE
tzsjdjtoj;INACTIVE
tzsqsqrsq;INACTIVE
tzsrjdrrq;INACTIVE
tzsxtdrss;INACTIVE
tztdsojsj;INACTIVE
tztjlxdlj;INACTIVE
tztjlxslx;INACTIVE
tztjoorqq;INACTIVE
tztjrdxtq;INACTIVE
tztlxzsrl;INACTIVE
tztojrdxr;INACTIVE
tztoqsszj;INACTIVE
tztqltjqr;INACTIVE
tztsssltd;INACTIVE
tztstrljo;INACTIVE
tzttdorqq;INACTIVE
tzxdtqjxr;INACTIVE
tzxlszstj;INACTIVE
tzxrqllzo;INACTIVE
tzxzzrrxx;INACTIVE
tzzdoxzdr;INACTIVE
tzzjooxqr;INACTIVE
tzzjoozdt;INACTIVE
tzzlzdoox;INACTIVE
tzzqxzlro;INACTIVE
tzzrzjzox;INACTIVE
tzztqzoot;INACTIVE
tzzxrzsdz;INACTIVE
xodsojj;INACTIVE
xqdtjdjt;INACTIVE
xqdtjdzo;INACTIVE
xqdtjroj;INACTIVE
xqrosool;INACTIVE
xqrztqsq;INACTIVE
xqsjojzj;INACTIVE
xqtqzott;INACTIVE
xqxlqtrd;INACTIVE
xqzjsztx;INACTIVE
xqzxrqlx;INACTIVE
zjlxst;INACTIVE
